,,,,,,,,,,,,,,,,,,,,,,,,,,,,,article_tree1
,,,,,,Parent Code  ->,,-> Child Code,,,,,,,,,,,,,,,,,,,,,fashion|shirts
,123,NK,W,01,01,001,-,XS,,123NKW0101001-XS,,,Season,,,Brand,,,Category,,,Colour,,,,,,,voo archive|clothing
,,,,,,,,,,,,,,,,,,,,,,,,,,,,,voo archive|clothing
,Season,Brand,Gender,Category,Colour,Product nr.,,Size,,,,,SS,1,,Editions M.R,01,,Outerwear,01,,Black,01,,,,,,voo archive|clothing
,,,,,,,,,,,,,AW,2,,Etudes,02,,Knitwear,02,,White,10,,,,,,voo archive|clothing
,,,,,,,,,,,,,and year,23,,032c,ZC,,Sweatshirts and Hoodies,03,,Grey,02,,,,,,voo archive|clothing
,123,NK,U,01,01,,,XS,,,,,,24,,1 Granary,03,,Tops (/ T-shirts),04,,Yellow,03,,,,,,voo archive|clothing
,223,PR,W,02,02,002,,0S,,,,,CarryOver,300,,19-69,NS,,Shirts,05,,Beige,04,,,,,,voo archive|clothing
,124,MU,M,03,03,003,,0M,,,,,Archive,400,,1O SOUL,04,,Dresses,06,,Green,05,,,,,,voo archive|clothing
,224,,,,,004,,0L,,,,,,,,3.1 Phillip Lim,05,,Skirts,07,,Blue,06,,,,,,
,300,,,,,005,,XL,,,,,,,,a c t e TM,06,,Trousers,08,,Navy,07,,,,,,voo archive|clothing
,400,,,,,,,07,,,,,* Examples,,,A Kind of Guise,AK,,Shorts,09,,Purple,08,,,,,,voo archive|clothing
,,,,,,,,08,,,,,SS22,122,,A Magazine,AT,,Denim,10,,Pink,09,,,,,,
,,,,,,,,09,,,,,AW22,222,,A. ROEGE HOVE,RH,,Sportswear,11,,Red,11,,,,,,voo archive|footwear
,,,,,,,,40,,,,,SS23,123,,A.P.C.,AP,,Swimwear,12,,Orange,12,,,,,,voo archive|footwear
,,,,,,,,41,,,,,AW23,223,,Abel Odor,AB,,Underwear,13,,Brown,13,,,,,,voo archive|footwear
,,,,,,,,42,,,,,SS24,124,,Acne Studios,AC,,Sneakers,14,,Silver,14,,,,,,voo archive|footwear
,,,,,,,,,,,,,AW24,224,,Acqua di Parma,07,,Shoes,15,,Gold,15,,,,,,voo archive|footwear
,,,,,,,,,,,,,CarryOver,300,,Adidas,AD,,Boots,16,,Multi,16,,,,,,voo archive|footwear
,,,,,,,,,,,,,Archive,400,,Adidas by Kanye West,08,,Heels,17,,,,,,,,,
,,,,,,,,,,,,,,,,Adidas by Raf Simons,09,,Sandals,18,,,,,,,,,voo archive|footwear
,,,,,,,,,,,,,,,,Adieu,10,,Bags,19,,,,,,,,,voo archive|footwear
,,,,,,,,,,,,,,,,Adish,11,,Jewellery,26,,,,,,,,,voo archive|footwear
,,,,,,,,,,,,,,,,AER Scents,12,,Hats,20,,,,,,,,,voo archive|footwear
,,,,,,,,,,,,,,,,Aesop,AE,,Scarves and Gloves,21,,,,,,,,,voo archive|footwear
,,,,,,,,,,,,,,,,AFFXWRKS,AX,,Socks,22,,,,,,,,,
,,,,,,,,,,,,,,,,Air Berlin,13,,Belts,23,,,,,,,,,voo archive|footwear
,,,,,,,,,,,,,,,,Alaska,AL,,Wallets,24,,,,,,,,,voo archive|footwear
,,,,,,,,,,,,,,,,Aliita,14,,Eyewear,25,,,,,,,,,voo archive|footwear
,,,,,,,,,,,,,,,,All_Blues,15,,,,,,,,,,,,voo archive|footwear
,,,,,,,,,,,,,,,,Alled-Martinez,AM,,Fragrances,27,,,,,,,,,
,,,,,,,,,,,,,,,,Amaze,16,,Skincare,28,,,,,,,,,voo archive|footwear
,,,,,,,,,,,,,,,,AMI Alexandre Mattiussi,17,,Candles and Home Scents,29,,,,,,,,,voo archive|footwear
,,,,,,,,,,,,,,,,AMOMENTO,18,,Glassware and Vases,30,,,,,,,,,voo archive|footwear
,,,,,,,,,,,,,,,,Ancuta Sarca,AN,,Ceramics,31,,,,,,,,,voo archive|footwear
,,,,,,,,,,,,,,,,Andy Wolf,19,,Textiles,32,,,,,,,,,voo archive|footwear
,,,,,,,,,,,,,,,,Anne Isabella,AI,,Stationery,33,,,,,,,,,
,,,,,,,,,,,,,,,,Anne Manns,20,,Wellness,34,,,,,,,,,voo archive|bags
,,,,,,,,,,,,,,,,ANOTHER ASPECT,AA,,Pets,35,,,,,,,,,
,,,,,,,,,,,,,,,,Apartamento,AO,,Lifestyle,36,,,,,,,,,voo archive|bags
,,,,,,,,,,,,,,,,Apotheke Perfume,21,,Gift Card,37,,,,,,,,,
,,,,,,,,,,,,,,,,Après Ski,AW,,,,,,,,,,,,voo archive|bags
,,,,,,,,,,,,,,,,archaic studio,22,,Magazines,38,,,,,,,,,
,,,,,,,,,,,,,,,,ARCS,AR,,Books,39,,,,,,,,,voo archive|accessories
,,,,,,,,,,,,,,,,Art of Scribble,23,,,,,,,,,,,,
,,,,,,,,,,,,,,,,Art Paper Editions,PE,,,,,,,,,,,,voo archive|accessories
,,,,,,,,,,,,,,,,Asai,24,,,,,,,,,,,,
,,,,,,,,,,,,,,,,ASICS,AS,,,,,,,,,,,,voo archive|accessories
,,,,,,,,,,,,,,,,Astier de Villatte,AV,,,,,,,,,,,,
,,,,,,,,,,,,,,,,Atelier Oblique,25,,,,,,,,,,,,voo archive|clothing
,,,,,,,,,,,,,,,,AthleticsFTWR,AF,,,,,,,,,,,,
,,,,,,,,,,,,,,,,Badland Magazine,BL,,,,,,,,,,,,voo archive|clothing
,,,,,,,,,,,,,,,,Baserange,BR,,,,,,,,,,,,
,,,,,,,,,,,,,,,,BD Barcelona,BD,,,,,,,,,,,,voo archive|clothing
,,,,,,,,,,,,,,,,Beaufille,26,,,,,,,,,,,,voo archive|clothing
,,,,,,,,,,,,,,,,Berliner Brandstifter,BB,,,,,,,,,,,,
,,,,,,,,,,,,,,,,Berliner Winter,BW,,,,,,,,,,,,voo archive|clothing
,,,,,,,,,,,,,,,,Birkenstock,BS,,,,,,,,,,,,voo archive|clothing
,,,,,,,,,,,,,,,,BIS Publishers,BP,,,,,,,,,,,,
,,,,,,,,,,,,,,,,Blake & Vargas,27,,,,,,,,,,,,voo archive|footwear
,,,,,,,,,,,,,,,,Blumarine,BM,,,,,,,,,,,,voo archive|footwear
,,,,,,,,,,,,,,,,Blumenbar,BU,,,,,,,,,,,,voo archive|footwear
,,,,,,,,,,,,,,,,Bode,BE,,,,,,,,,,,,voo archive|footwear
,,,,,,,,,,,,,,,,Bom Dia Books,DB,,,,,,,,,,,,voo archive|footwear
,,,,,,,,,,,,,,,,Bon Parfumeur,BO,,,,,,,,,,,,
,,,,,,,,,,,,,,,,Books,BK,,,,,,,,,,,,voo archive|footwear
,,,,,,,,,,,,,,,,Brosbi,28,,,,,,,,,,,,voo archive|footwear
,,,,,,,,,,,,,,,,BrunoAdrien,BA,,,,,,,,,,,,voo archive|footwear
,,,,,,,,,,,,,,,,BUFFALO Source,29,,,,,,,,,,,,voo archive|footwear
,,,,,,,,,,,,,,,,BY FAR,BF,,,,,,,,,,,,
,,,,,,,,,,,,,,,,Byredo,BY,,,,,,,,,,,,voo archive|footwear
,,,,,,,,,,,,,,,,Cabinet Magazine,30,,,,,,,,,,,,voo archive|footwear
,,,,,,,,,,,,,,,,Carhartt WIP,CH,,,,,,,,,,,,voo archive|footwear
,,,,,,,,,,,,,,,,Carl Aub√∂ck,31,,,,,,,,,,,,voo archive|footwear
,,,,,,,,,,,,,,,,Carne Bollente,CB,,,,,,,,,,,,voo archive|footwear
,,,,,,,,,,,,,,,,Carven,32,,,,,,,,,,,,voo archive|footwear
,,,,,,,,,,,,,,,,Catzorange,33,,,,,,,,,,,,voo archive|footwear
,,,,,,,,,,,,,,,,CDLP,34,,,,,,,,,,,,
,,,,,,,,,,,,,,,,CERAMICS,CE,,,,,,,,,,,,voo archive|footwear
,,,,,,,,,,,,,,,,Champion,CP,,,,,,,,,,,,voo archive|footwear
,,,,,,,,,,,,,,,,Chanel,CA,,,,,,,,,,,,voo archive|footwear
,,,,,,,,,,,,,,,,Charlotte Knowles,CK,,,,,,,,,,,,voo archive|footwear
,,,,,,,,,,,,,,,,Chi Ceramic,CC,,,,,,,,,,,,voo archive|footwear
,,,,,,,,,,,,,,,,Chopova Lowena,CL,,,,,,,,,,,,voo archive|footwear
,,,,,,,,,,,,,,,,Chose Commune,35,,,,,,,,,,,,voo archive|footwear
,,,,,,,,,,,,,,,,Christian Dior,CD,,,,,,,,,,,,voo archive|footwear
,,,,,,,,,,,,,,,,Christina Seewald,CS,,,,,,,,,,,,
,,,,,,,,,,,,,,,,Clarks,KS,,,,,,,,,,,,voo archive|bags
,,,,,,,,,,,,,,,,CMMN SWDN,36,,,,,,,,,,,,
,,,,,,,,,,,,,,,,Colorful Standard,37,,,,,,,,,,,,voo archive|accessories
,,,,,,,,,,,,,,,,Comme des Garcons Girl,C1,,,,,,,,,,,,
,,,,,,,,,,,,,,,,Comme des Garcons Shirt,C2,,,,,,,,,,,,voo archive|accessories
,,,,,,,,,,,,,,,,Common Colors,38,,,,,,,,,,,,voo archive|accessories
,,,,,,,,,,,,,,,,Common Projects,CM,,,,,,,,,,,,
,,,,,,,,,,,,,,,,Converse,CV,,,,,,,,,,,,
,,,,,,,,,,,,,,,,Courrèges,CO,,,,,,,,,,,,
,,,,,,,,,,,,,,,,Craig Green,CG,,,,,,,,,,,,
,,,,,,,,,,,,,,,,Crocs,CR,,,,,,,,,,,,
,,,,,,,,,,,,,,,,CULT FORM,CF,,,,,,,,,,,,
,,,,,,,,,,,,,,,,Cultform,CT,,,,,,,,,,,,
,,,,,,,,,,,,,,,,D.L. Roelen,DL,,,,,,,,,,,,
,,,,,,,,,,,,,,,,D.N.I,DI,,,,,,,,,,,,
,,,,,,,,,,,,,,,,D'HEYGERE,DH,,,,,,,,,,,,
,,,,,,,,,,,,,,,,Danton,DA,,,,,,,,,,,,
,,,,,,,,,,,,,,,,Dent-de-Leone,39,,,,,,,,,,,,
,,,,,,,,,,,,,,,,Der Akt,DK,,,,,,,,,,,,
,,,,,,,,,,,,,,,,Die Palme,40,,,,,,,,,,,,
,,,,,,,,,,,,,,,,Die Perle,DP,,,,,,,,,,,,
,,,,,,,,,,,,,,,,Diesel,DS,,,,,,,,,,,,
,,,,,,,,,,,,,,,,Diptyque,DT,,,,,,,,,,,,
,,,,,,,,,,,,,,,,Distanz,DZ,,,,,,,,,,,,
,,,,,,,,,,,,,,,,Dolce Gabbana,DG,,,,,,,,,,,,
,,,,,,,,,,,,,,,,Dr. Martens,DM,,,,,,,,,,,,
,,,,,,,,,,,,,,,,Dries Van Noten,DV,,,,,,,,,,,,
,,,,,,,,,,,,,,,,DUST Magazine,DU,,,,,,,,,,,,
,,,,,,,,,,,,,,,,Eastpak x Raf Simons,41,,,,,,,,,,,,
,,,,,,,,,,,,,,,,Eckhaus Latta,LA,,,,,,,,,,,,
,,,,,,,,,,,,,,,,Editions du Lic,42,,,,,,,,,,,,
,,,,,,,,,,,,,,,,Edo,43,,,,,,,,,,,,
,,,,,,,,,,,,,,,,Edward Cuming,EC,,,,,,,,,,,,
,,,,,,,,,,,,,,,,Eliza Lawrence,44,,,,,,,,,,,,
,,,,,,,,,,,,,,,,ELLISS,EL,,,,,,,,,,,,
,,,,,,,,,,,,,,,,Els & Nel,45,,,,,,,,,,,,
,,,,,,,,,,,,,,,,EPICENE,EP,,,,,,,,,,,,
,,,,,,,,,,,,,,,,ERL,ER,,,,,,,,,,,,
,,,,,,,,,,,,,,,,Essl,46,,,,,,,,,,,,
,,,,,,,,,,,,,,,,Eytys,EY,,,,,,,,,,,,
,,,,,,,,,,,,,,,,Fashionary,47,,,,,,,,,,,,
,,,,,,,,,,,,,,,,Fitzcarraldo Editions,48,,,,,,,,,,,,
,,,,,,,,,,,,,,,,Floating Opera Press,FO,,,,,,,,,,,,
,,,,,,,,,,,,,,,,Frama,FR,,,,,,,,,,,,
,,,,,,,,,,,,,,,,Fred Perry x Raf Simons,49,,,,,,,,,,,,
,,,,,,,,,,,,,,,,Frederick Hornof,50,,,,,,,,,,,,
,,,,,,,,,,,,,,,,Galliano,GL,,,,,,,,,,,,
,,,,,,,,,,,,,,,,Gegenpresse,GP,,,,,,,,,,,,
,,,,,,,,,,,,,,,,Gestalten,GS,,,,,,,,,,,,
,,,,,,,,,,,,,,,,Gimaguas Studio,GI,,,,,,,,,,,,
,,,,,,,,,,,,,,,,Givenchy,GV,,,,,,,,,,,,
,,,,,,,,,,,,,,,,GmbH,GM,,,,,,,,,,,,
,,,,,,,,,,,,,,,,Goetze,GZ,,,,,,,,,,,,
,,,,,,,,,,,,,,,,Gosha Rubchinskiy,51,,,,,,,,,,,,
,,,,,,,,,,,,,,,,Gucci,GC,,,,,,,,,,,,
,,,,,,,,,,,,,,,,GUESS USA,GU,,,,,,,,,,,,
,,,,,,,,,,,,,,,,Guy Morgan,52,,,,,,,,,,,,
,,,,,,,,,,,,,,,,Hafod Grange,HG,,,,,,,,,,,,
,,,,,,,,,,,,,,,,Han Kj√∏benhavn,HK,,,,,,,,,,,,
,,,,,,,,,,,,,,,,Harmony Paris,53,,,,,,,,,,,,
,,,,,,,,,,,,,,,,Hato Press,HA,,,,,,,,,,,,
,,,,,,,,,,,,,,,,Haws Watering Cans,54,,,,,,,,,,,,
,,,,,,,,,,,,,,,,HAY,HY,,,,,,,,,,,,
,,,,,,,,,,,,,,,,HEADSPACE,HS,,,,,,,,,,,,
,,,,,,,,,,,,,,,,Heimat Atlantica,55,,,,,,,,,,,,
,,,,,,,,,,,,,,,,Helena Thulin,56,,,,,,,,,,,,
,,,,,,,,,,,,,,,,Helmut Lang,HE,,,,,,,,,,,,
,,,,,,,,,,,,,,,,Henrik Vibskov,HV,,,,,,,,,,,,
,,,,,,,,,,,,,,,,Hermès,HM,,,,,,,,,,,,
,,,,,,,,,,,,,,,,HIGHSNOBIETY,HB,,,,,,,,,,,,
,,,,,,,,,,,,,,,,HOKA,HO,,,,,,,,,,,,
,,,,,,,,,,,,,,,,Homeschool Magazine,57,,,,,,,,,,,,
,,,,,,,,,,,,,,,,HOMME PLISSÉ Issey Miyake,HP,,,,,,,,,,,,
,,,,,,,,,,,,,,,,Honey Fucking Dijon,HF,,,,,,,,,,,,
,,,,,,,,,,,,,,,,Hornvarefabrikken,58,,,,,,,,,,,,
,,,,,,,,,,,,,,,,Hot Legs,HL,,,,,,,,,,,,
,,,,,,,,,,,,,,,,Hugo Kreit,HU,,,,,,,,,,,,
,,,,,,,,,,,,,,,,Humanrace,HR,,,,,,,,,,,,
,,,,,,,,,,,,,,,,Iacoli & McAllister,59,,,,,,,,,,,,
,,,,,,,,,,,,,,,,IDEA Books Ltd,ID,,,,,,,,,,,,
,,,,,,,,,,,,,,,,Iga Drobisz,IZ,,,,,,,,,,,,
,,,,,,,,,,,,,,,,IIUVO,60,,,,,,,,,,,,
,,,,,,,,,,,,,,,,Ilja Keizer,61,,,,,,,,,,,,
,,,,,,,,,,,,,,,,Ina Beissner,62,,,,,,,,,,,,
,,,,,,,,,,,,,,,,Ioannes,IO,,,,,,,,,,,,
,,,,,,,,,,,,,,,,Isa Boulder,IB,,,,,,,,,,,,
,,,,,,,,,,,,,,,,Issey Miyake,IM,,,,,,,,,,,,
,,,,,,,,,,,,,,,,ITEM,IT,,,,,,,,,,,,
,,,,,,,,,,,,,,,,Item M6 Black,63,,,,,,,,,,,,
,,,,,,,,,,,,,,,,Jacquemus,JQ,,,,,,,,,,,,
,,,,,,,,,,,,,,,,Jane K√∏nig,JK,,,,,,,,,,,,
,,,,,,,,,,,,,,,,Jean Paul Gaultier,JP,,,,,,,,,,,,
,,,,,,,,,,,,,,,,Jil Sander,JS,,,,,,,,,,,,
,,,,,,,,,,,,,,,,Joseph,JO,,,,,,,,,,,,
,,,,,,,,,,,,,,,,Jovis Verlag,JV,,,,,,,,,,,,
,,,,,,,,,,,,,,,,JRP | Ringier,JR,,,,,,,,,,,,
,,,,,,,,,,,,,,,,Justine Clenquet,JC,,,,,,,,,,,,
,,,,,,,,,,,,,,,,JW Anderson,JW,,,,,,,,,,,,
,,,,,,,,,,,,,,,,Kaleidoscope Almanac of Contemporary Aesthetics,KP,,,,,,,,,,,,
,,,,,,,,,,,,,,,,Kasia Kucharska,KK,,,,,,,,,,,,
,,,,,,,,,,,,,,,,Kaweco,KA,,,,,,,,,,,,
,,,,,,,,,,,,,,,,KIKO KOSTADINOV,KI,,,,,,,,,,,,
,,,,,,,,,,,,,,,,Knobbly Studio,KY,,,,,,,,,,,,
,,,,,,,,,,,,,,,,KNWLS,KN,,,,,,,,,,,,
,,,,,,,,,,,,,,,,Koenig Books,KB,,,,,,,,,,,,
,,,,,,,,,,,,,,,,KreativAtelier Stuttgart,KV,,,,,,,,,,,,
,,,,,,,,,,,,,,,,La Soufflerie,LS,,,,,,,,,,,,
,,,,,,,,,,,,,,,,Laboratorio Olfattivo,64,,,,,,,,,,,,
,,,,,,,,,,,,,,,,Lani Lees,LL,,,,,,,,,,,,
,,,,,,,,,,,,,,,,Lara Ohl,65,,,,,,,,,,,,
,,,,,,,,,,,,,,,,Larsson & Jennings,LJ,,,,,,,,,,,,
,,,,,,,,,,,,,,,,Laura Lombardi,LM,,,,,,,,,,,,
,,,,,,,,,,,,,,,,Laura Welker,LW,,,,,,,,,,,,
,,,,,,,,,,,,,,,,LAZOSCHMIDL,LZ,,,,,,,,,,,,
,,,,,,,,,,,,,,,,Lemaire,LE,,,,,,,,,,,,
,,,,,,,,,,,,,,,,Levi's,LV,,,,,,,,,,,,
,,,,,,,,,,,,,,,,Liberal Youth Ministry,LY,,,,,,,,,,,,
,,,,,,,,,,,,,,,,Libertine-Libertine,LI,,,,,,,,,,,,
,,,,,,,,,,,,,,,,Lido,LD,,,,,,,,,,,,
,,,,,,,,,,,,,,,,Liganova,LG,,,,,,,,,,,,
,,,,,,,,,,,,,,,,Live From Earth,LF,,,,,,,,,,,,
,,,,,,,,,,,,,,,,Lodown Magazine,LN,,,,,,,,,,,,
,,,,,,,,,,,,,,,,Loewe,LO,,,,,,,,,,,,
,,,,,,,,,,,,,,,,Louis Vuitton Fashion Eye,FE,,,,,,,,,,,,
,,,,,,,,,,,,,,,,Low Classic,66,,,,,,,,,,,,
,,,,,,,,,,,,,,,,LRNCE,LR,,,,,,,,,,,,
,,,,,,,,,,,,,,,,Ludovic de Saint Sernin,LU,,,,,,,,,,,,
,,,,,,,,,,,,,,,,Mack Books,MC,,,,,,,,,,,,
,,,,,,,,,,,,,,,,Magazines,MG,,,,,,,,,,,,
,,,,,,,,,,,,,,,,Mainline:RUS/Fr.CA/DE,MA,,,,,,,,,,,,
,,,,,,,,,,,,,,,,Maison Margiela,MM,,,,,,,,,,,,
,,,,,,,,,,,,,,,,MALAIKARAISS,67,,,,,,,,,,,,
,,,,,,,,,,,,,,,,Malte van der Meyden,MV,,,,,,,,,,,,
,,,,,,,,,,,,,,,,Marfamily,68,,,,,,,,,,,,
,,,,,,,,,,,,,,,,Maria Black,69,,,,,,,,,,,,
,,,,,,,,,,,,,,,,Marie Wez,MW,,,,,,,,,,,,
,,,,,,,,,,,,,,,,Marine Serre,MS,,,,,,,,,,,,
,,,,,,,,,,,,,,,,Marni,MN,,,,,,,,,,,,
,,,,,,,,,,,,,,,,Marques Almeida,70,,,,,,,,,,,,
,,,,,,,,,,,,,,,,Martine Rose,MR,,,,,,,,,,,,
,,,,,,,,,,,,,,,,Martiniano,71,,,,,,,,,,,,
,,,,,,,,,,,,,,,,Maryam Nassir Zadeh,72,,,,,,,,,,,,
,,,,,,,,,,,,,,,,Max Siedentopf,MT,,,,,,,,,,,,
,,,,,,,,,,,,,,,,Medea,73,,,,,,,,,,,,
,,,,,,,,,,,,,,,,Missoni,MO,,,,,,,,,,,,
,,,,,,,,,,,,,,,,Miu Miu,MI,,,,,,,,,,,,
,,,,,,,,,,,,,,,,Mizuno,MZ,,,,,,,,,,,,
,,,,,,,,,,,,,,,,MM6 Maison Margiela,M6,,,,,,,,,,,,
,,,,,,,,,,,,,,,,Monocle,ML,,,,,,,,,,,,
,,,,,,,,,,,,,,,,Monokel,74,,,,,,,,,,,,
,,,,,,,,,,,,,,,,Moon Boot,MB,,,,,,,,,,,,
,,,,,,,,,,,,,,,,Mousse Publishing,MP,,,,,,,,,,,,
,,,,,,,,,,,,,,,,Museum,MU,,,,,,,,,,,,
,,,,,,,,,,,,,,,,Mykita,MY,,,,,,,,,,,,
,,,,,,,,,,,,,,,,Nasomatto,NM,,,,,,,,,,,,
,,,,,,,,,,,,,,,,Nensi Dojaka,ND,,,,,,,,,,,,
,,,,,,,,,,,,,,,,Never Sleep,NV,,,,,,,,,,,,
,,,,,,,,,,,,,,,,New Balance,NB,,,,,,,,,,,,
,,,,,,,,,,,,,,,,New Era,NE,,,,,,,,,,,,
,,,,,,,,,,,,,,,,Nieves,NI,,,,,,,,,,,,
,,,,,,,,,,,,,,,,Nike,NK,,,,,,,,,,,,
,,,,,,,,,,,,,,,,Nike ACG,NA,,,,,,,,,,,,
,,,,,,,,,,,,,,,,NIKO JUNE,NJ,,,,,,,,,,,,
,,,,,,,,,,,,,,,,Noah,NO,,,,,,,,,,,,
,,,,,,,,,,,,,,,,Norse Projects,NP,,,,,,,,,,,,
,,,,,,,,,,,,,,,,Nu√© Notes,NN,,,,,,,,,,,,
,,,,,,,,,,,,,,,,Nuda,NU,,,,,,,,,,,,
,,,,,,,,,,,,,,,,Oakley,OA,,,,,,,,,,,,
,,,,,,,,,,,,,,,,On,ON,,,,,,,,,,,,
,,,,,,,,,,,,,,,,Ormaie,OR,,,,,,,,,,,,
,,,,,,,,,,,,,,,,Osnovy Publishing,OV,,,,,,,,,,,,
,,,,,,,,,,,,,,,,OTTOLINGER,OT,,,,,,,,,,,,
,,,,,,,,,,,,,,,,Our Legacy,OL,,,,,,,,,,,,
,,,,,,,,,,,,,,,,Paco Rabanne,PC,,,,,,,,,,,,
,,,,,,,,,,,,,,,,Palm of Feronia,PF,,,,,,,,,,,,
,,,,,,,,,,,,,,,,Paloma Wool,PW,,,,,,,,,,,,
,,,,,,,,,,,,,,,,PANCONESI,PN,,,,,,,,,,,,
,,,,,,,,,,,,,,,,Park Books,PB,,,,,,,,,,,,
,,,,,,,,,,,,,,,,PATAPACA,PT,,,,,,,,,,,,
,,,,,,,,,,,,,,,,Pendleton,75,,,,,,,,,,,,
,,,,,,,,,,,,,,,,Penguin Books,PG,,,,,,,,,,,,
,,,,,,,,,,,,,,,,Phaidon,PH,,,,,,,,,,,,
,,,,,,,,,,,,,,,,Phipps,PI,,,,,,,,,,,,
,,,,,,,,,,,,,,,,Plan C,76,,,,,,,,,,,,
,,,,,,,,,,,,,,,,Playtype,77,,,,,,,,,,,,
,,,,,,,,,,,,,,,,PLEATS PLEASE Issey Miyake,PP,,,,,,,,,,,,
,,,,,,,,,,,,,,,,PlietS.H.,78,,,,,,,,,,,,
,,,,,,,,,,,,,,,,Porter-Yoshida & Co.,PY,,,,,,,,,,,,
,,,,,,,,,,,,,,,,Prada,PR,,,,,,,,,,,,
,,,,,,,,,,,,,,,,PRESSURE,PS,,,,,,,,,,,,
,,,,,,,,,,,,,,,,Prestel,79,,,,,,,,,,,,
,,,,,,,,,,,,,,,,Printed Goods,80,,,,,,,,,,,,
,,,,,,,,,,,,,,,,PRISCAVera,81,,,,,,,,,,,,
,,,,,,,,,,,,,,,,Proenza Schouler,82,,,,,,,,,,,,
,,,,,,,,,,,,,,,,Pssbl,83,,,,,,,,,,,,
,,,,,,,,,,,,,,,,QWSTION,84,,,,,,,,,,,,
,,,,,,,,,,,,,,,,R.T.CO,85,,,,,,,,,,,,
,,,,,,,,,,,,,,,,Rachel Comey,86,,,,,,,,,,,,
,,,,,,,,,,,,,,,,Raf Simons,RS,,,,,,,,,,,,
,,,,,,,,,,,,,,,,Random House,RA,,,,,,,,,,,,
,,,,,,,,,,,,,,,,Random Identities,RI,,,,,,,,,,,,
,,,,,,,,,,,,,,,,RASSVET,RV,,,,,,,,,,,,
,,,,,,,,,,,,,,,,Re/Done,RD,,,,,,,,,,,,
,,,,,,,,,,,,,,,,Reality Studio,RY,,,,,,,,,,,,
,,,,,,,,,,,,,,,,Reebok,RE,,,,,,,,,,,,
,,,,,,,,,,,,,,,,Rier,RR,,,,,,,,,,,,
,,,,,,,,,,,,,,,,ROA,RO,,,,,,,,,,,,
,,,,,,,,,,,,,,,,Robert Clergerie,87,,,,,,,,,,,,
,,,,,,,,,,,,,,,,Robert Mackie Of Scotland,88,,,,,,,,,,,,
,,,,,,,,,,,,,,,,Roberto Cavalli,RC,,,,,,,,,,,,
,,,,,,,,,,,,,,,,Romeo Gigli,89,,,,,,,,,,,,
,,,,,,,,,,,,,,,,Ruby Press,RP,,,,,,,,,,,,
,,,,,,,,,,,,,,,,RUI,RU,,,,,,,,,,,,
,,,,,,,,,,,,,,,,RVB Books,RB,,,,,,,,,,,,
,,,,,,,,,,,,,,,,Saks Potts,TT,,,,,,,,,,,,
,,,,,,,,,,,,,,,,Salomon,SA,,,,,,,,,,,,
,,,,,,,,,,,,,,,,SANTANGELO,SG,,,,,,,,,,,,
,,,,,,,,,,,,,,,,Sarah Baker,90,,,,,,,,,,,,
,,,,,,,,,,,,,,,,Saskia Diez,SZ,,,,,,,,,,,,
,,,,,,,,,,,,,,,,Satisfy,SY,,,,,,,,,,,,
,,,,,,,,,,,,,,,,Schirmer/Mosel Publishers,91,,,,,,,,,,,,
,,,,,,,,,,,,,,,,Seana Gavin x VooStore,92,,,,,,,,,,,,
,,,,,,,,,,,,,,,,Séfr,SE,,,,,,,,,,,,
,,,,,,,,,,,,,,,,Self Service Magazine,93,,,,,,,,,,,,
,,,,,,,,,,,,,,,,Sharon Wauchob,94,,,,,,,,,,,,
,,,,,,,,,,,,,,,,She of the Woods,SW,,,,,,,,,,,,
,,,,,,,,,,,,,,,,Shrimps,95,,,,,,,,,,,,
,,,,,,,,,,,,,,,,Sigurd Larsen x Playtype,96,,,,,,,,,,,,
,,,,,,,,,,,,,,,,SILTED,SL,,,,,,,,,,,,
,,,,,,,,,,,,,,,,SILVER,VE,,,,,,,,,,,,
,,,,,,,,,,,,,,,,Simone Rocha,SR,,,,,,,,,,,,
,,,,,,,,,,,,,,,,Skinnerboox,97,,,,,,,,,,,,
,,,,,,,,,,,,,,,,Sophie Buhai,98,,,,,,,,,,,,
,,,,,,,,,,,,,,,,Sorry Press,YY,,,,,,,,,,,,
,,,,,,,,,,,,,,,,Soulland,SO,,,,,,,,,,,,
,,,,,,,,,,,,,,,,Souvenir Official,SV,,,,,,,,,,,,
,,,,,,,,,,,,,,,,Spector Books,XX,,,,,,,,,,,,
,,,,,,,,,,,,,,,,Spyros Rennt,99,,,,,,,,,,,,
,,,,,,,,,,,,,,,,Stüssy,US,,,,,,,,,,,,
,,,,,,,,,,,,,,,,Stathis,HI,,,,,,,,,,,,
,,,,,,,,,,,,,,,,Stay at Home Book Bundles,AY,,,,,,,,,,,,
,,,,,,,,,,,,,,,,Steidl Publishers,EI,,,,,,,,,,,,
,,,,,,,,,,,,,,,,Sternberg Press,SP,,,,,,,,,,,,
,,,,,,,,,,,,,,,,Sternthal Books,SH,,,,,,,,,,,,
,,,,,,,,,,,,,,,,Stine Marie Jacobsen,SM,,,,,,,,,,,,
,,,,,,,,,,,,,,,,Stockholm Surfboard Club,SS,,,,,,,,,,,,
,,,,,,,,,,,,,,,,Stone Island,SI,,,,,,,,,,,,
,,,,,,,,,,,,,,,,Stora Skuggan,UG,,,,,,,,,,,,
,,,,,,,,,,,,,,,,Stüssy,ST,,,,,,,,,,,,
,,,,,,,,,,,,,,,,Sucuk und Bratwurst,SB,,,,,,,,,,,,
,,,,,,,,,,,,,,,,Suhrkamp Verlag,UH,,,,,,,,,,,,
,,,,,,,,,,,,,,,,Sun Buddies,UD,,,,,,,,,,,,
,,,,,,,,,,,,,,,,Sunflower,SF,,,,,,,,,,,,
,,,,,,,,,,,,,,,,SUNNEI,SU,,,,,,,,,,,,
,,,,,,,,,,,,,,,,Super YAYA,YA,,,,,,,,,,,,
,,,,,,,,,,,,,,,,Supriya Lele,IY,,,,,,,,,,,,
,,,,,,,,,,,,,,,,Susan Alexandra,EX,,,,,,,,,,,,
,,,,,,,,,,,,,,,,SUSANNE KAUFMANN,SK,,,,,,,,,,,,
,,,,,,,,,,,,,,,,SWEETLIMEJUICE,UI,,,,,,,,,,,,
,,,,,,,,,,,,,,,,Taschen,TC,,,,,,,,,,,,
,,,,,,,,,,,,,,,,Telfar,TF,,,,,,,,,,,,
,,,,,,,,,,,,,,,,Thames and Hudson,TS,,,,,,,,,,,,
,,,,,,,,,,,,,,,,The Against Nature Journal,TN,,,,,,,,,,,,
,,,,,,,,,,,,,,,,The Boyscouts,TY,,,,,,,,,,,,
,,,,,,,,,,,,,,,,The Gentle Temper,GT,,,,,,,,,,,,
,,,,,,,,,,,,,,,,The Nue Co.,NC,,,,,,,,,,,,
,,,,,,,,,,,,,,,,The Travel Almanac,TA,,,,,,,,,,,,
,,,,,,,,,,,,,,,,The White Briefs,TW,,,,,,,,,,,,
,,,,,,,,,,,,,,,,Timothy Han / Edition,TH,,,,,,,,,,,,
,,,,,,,,,,,,,,,,Tot√™me,TM,,,,,,,,,,,,
,,,,,,,,,,,,,,,,Tr√®s Bien,TB,,,,,,,,,,,,
,,,,,,,,,,,,,,,,Trudon,TD,,,,,,,,,,,,
,,,,,,,,,,,,,,,,Truongii,TI,,,,,,,,,,,,
,,,,,,,,,,,,,,,,Trussardi,TR,,,,,,,,,,,,
,,,,,,,,,,,,,,,,UdK x VooStore,UV,,,,,,,,,,,,
,,,,,,,,,,,,,,,,Usagi no Nedoko,UN,,,,,,,,,,,,
,,,,,,,,,,,,,,,,V Magazine,VM,,,,,,,,,,,,
,,,,,,,,,,,,,,,,Versace Jeans Couture,VJ,,,,,,,,,,,,
,,,,,,,,,,,,,,,,Vibe Harsl√∏f,VB,,,,,,,,,,,,
,,,,,,,,,,,,,,,,Vice Versa,VI,,,,,,,,,,,,
,,,,,,,,,,,,,,,,VISO PROJECT,VP,,,,,,,,,,,,
,,,,,,,,,,,,,,,,Vivetta,VV,,,,,,,,,,,,
,,,,,,,,,,,,,,,,Vivienne Westwood,VW,,,,,,,,,,,,
,,,,,,,,,,,,,,,,VooStore,VS,,,,,,,,,,,,
,,,,,,,,,,,,,,,,VooStore x UdK,VU,,,,,,,,,,,,
,,,,,,,,,,,,,,,,Vyrao,VY,,,,,,,,,,,,
,,,,,,,,,,,,,,,,Wales Bonner,WB,,,,,,,,,,,,
,,,,,,,,,,,,,,,,Walther K√∂nig,WK,,,,,,,,,,,,
,,,,,,,,,,,,,,,,Wirklichkeit Books,WI,,,,,,,,,,,,
,,,,,,,,,,,,,,,,Wolfgang Tillmanns Studio,WT,,,,,,,,,,,,
,,,,,,,,,,,,,,,,Wood Wood,WW,,,,,,,,,,,,
,,,,,,,,,,,,,,,,Y-3,Y3,,,,,,,,,,,,
,,,,,,,,,,,,,,,,Y/Project,YP,,,,,,,,,,,,
,,,,,,,,,,,,,,,,YEEZY,YZ,,,,,,,,,,,,
,,,,,,,,,,,,,,,,Youths in Balaclava,YB,,,,,,,,,,,,